{
  "metadata": {
    "estilo": "laberinto",
    "dificultad": "medio",
    "metricas_ia": {
      "conectividad": "100%",
      "jugabilidad": "excelente", 
      "areas_bloqueadas": 0,
      "tiempo_generacion": "2.3s"
    }
  },
  "tiles": [
    [2,2,2,2,2,2,2],
    [2,1,1,1,1,1,2],
    [2,1,2,2,2,1,2],
    [2,1,2,3,1,1,2],
    [2,1,2,2,2,1,2],
    [2,1,1,1,1,4,2],
    [2,2,2,2,2,2,2]
  ],
  "tipos_tile": {
    "0": "empty", "1": "ground", "2": "wall",
    "3": "player", "4": "exit", "5": "enemy", "6": "coin"
  }
}