{
  "ancho": 12,
  "alto": 10,
  "tipos_tile": {
    "0": "empty",
    "1": "ground",
    "2": "wall",
    "3": "player",
    "4": "exit",
    "5": "enemy",
    "6": "coin"
  },
  "tiles": [
    [
      2,
      2,
      2,
      2,
      2,
      2,
      2,
      2,
      2,
      2,
      2,
      2
    ],
    [
      2,
      3,
      0,
      0,
      0,
      0,
      0,
      0,
      0,
      0,
      0,
      2
    ],
    [
      2,
      0,
      5,
      5,
      0,
      0,
      0,
      0,
      0,
      2,
      0,
      2
    ],
    [
      2,
      2,
      0,
      5,
      0,
      2,
      0,
      0,
      0,
      0,
      0,
      2
    ],
    [
      2,
      0,
      5,
      0,
      0,
      0,
      0,
      0,
      2,
      0,
      0,
      2
    ],
    [
      2,
      0,
      0,
      0,
      0,
      0,
      0,
      5,
      0,
      0,
      2,
      2
    ],
    [
      2,
      0,
      2,
      0,
      0,
      0,
      0,
      0,
      0,
      0,
      0,
      2
    ],
    [
      2,
      0,
      0,
      0,
      0,
      2,
      0,
      0,
      0,
      0,
      0,
      2
    ],
    [
      2,
      0,
      0,
      0,
      0,
      0,
      0,
      2,
      0,
      0,
      4,
      2
    ],
    [
      2,
      2,
      2,
      2,
      2,
      2,
      2,
      2,
      2,
      2,
      2,
      2
    ]
  ],
  "metadatos": {
    "generador": "GameGenesis AI Enhanced",
    "timestamp": "2025-11-18 16:55:37",
    "metricas_ia": {
      "calidad_ia": "29.4%",
      "densidad_paredes": "40.0%",
      "espacio_jugable": "54.2%",
      "complejidad": "43.0%",
      "tamaño": "12x10",
      "evaluacion": "Regular"
    },
    "version": "2.0"
  }
}