{
  "ancho": 12,
  "alto": 10,
  "tipos_tile": {
	"0": "empty",
	"1": "ground",
	"2": "wall",
	"3": "player",
	"4": "exit",
	"5": "enemy",
	"6": "coin"
  },
  "tiles": [
	[
	  2,
	  2,
	  2,
	  2,
	  2,
	  2,
	  2,
	  2,
	  2,
	  2,
	  2,
	  2
	],
	[
	  2,
	  3,
	  2,
	  0,
	  0,
	  0,
	  0,
	  0,
	  0,
	  0,
	  2,
	  2
	],
	[
	  2,
	  0,
	  5,
	  2,
	  0,
	  2,
	  0,
	  5,
	  0,
	  0,
	  0,
	  2
	],
	[
	  2,
	  0,
	  0,
	  0,
	  0,
	  0,
	  5,
	  0,
	  0,
	  2,
	  0,
	  2
	],
	[
	  2,
	  0,
	  0,
	  0,
	  0,
	  0,
	  0,
	  0,
	  0,
	  5,
	  0,
	  2
	],
	[
	  2,
	  0,
	  0,
	  0,
	  0,
	  0,
	  0,
	  0,
	  0,
	  2,
	  0,
	  2
	],
	[
	  2,
	  0,
	  0,
	  0,
	  0,
	  0,
	  0,
	  0,
	  0,
	  0,
	  2,
	  2
	],
	[
	  2,
	  0,
	  0,
	  0,
	  0,
	  0,
	  0,
	  0,
	  0,
	  5,
	  2,
	  2
	],
	[
	  2,
	  0,
	  0,
	  0,
	  0,
	  2,
	  0,
	  0,
	  0,
	  0,
	  4,
	  2
	],
	[
	  2,
	  2,
	  2,
	  2,
	  2,
	  2,
	  2,
	  2,
	  2,
	  2,
	  2,
	  2
	]
  ],
  "metadatos": {
	"generador": "GameGenesis AI Enhanced",
	"timestamp": "2025-11-18 14:33:16",
	"metricas_ia": {
	  "calidad_ia": "28.5%",
	  "densidad_paredes": "40.8%",
	  "espacio_jugable": "53.3%",
	  "complejidad": "43.6%",
	  "tamaño": "12x10",
	  "evaluacion": "Regular"
	},
	"version": "2.0"
  }
}
